dataset_type,dataset_size,batch_size,num_workers,init_time,first_batch_time,full_iteration_time,avg_batch_time,init_memory_peak,iteration_memory_peak,memory_overhead,total_batches,events_per_second,creation_memory_overhead,traced_memory_peak,dataset_config,actual_partitions
ParticleBase,1000,32,0,0.3392751900246367,0.0017220659647136927,0.008167377091012895,1.0947223927360028e-06,16.19140625,0.0,16.19140625,32,122438.32859148455,16.19140625,4.763288497924805,,0
ParticleBase,1000,32,0,0.3511572869028896,0.0009215910686179996,0.008227928075939417,1.0922485671471804e-06,0.0,0.0,0.0,32,121537.280196245,0.0,4.76252555847168,,0
ParticleBase,1000,32,0,0.35978661803528666,0.0008286370430141687,0.00844648398924619,1.156251528300345e-06,0.0,0.0,0.0,32,118392.45788817809,0.0,4.7625732421875,,0
ParticleBase,1000,32,0,0.3966579290572554,0.0009631819557398558,0.008195097907446325,1.0975345503538847e-06,0.0,0.0,0.0,32,122024.1675320765,0.0,4.762587547302246,,0
ParticleBase,1000,32,0,0.40358922502491623,0.0009831219213083386,0.008156774914823472,1.110991433961317e-06,0.0,0.0,0.0,32,122597.47393331643,0.0,4.762961387634277,,0
ParticleBase,1000,64,0,0.33961937099229544,0.0009764219867065549,0.0068977950140833855,1.255699316971004e-06,0.0,0.0,0.0,16,144973.86454052015,0.0,4.762419700622559,,0
ParticleBase,1000,64,0,0.34784156910609454,0.001005752943456173,0.006887204013764858,1.2363088899292052e-06,0.0,0.0,0.0,16,145196.8023600559,0.0,4.763191223144531,,0
ParticleBase,1000,64,0,0.3982311600120738,0.0012378999963402748,0.006872714031487703,1.1756856110878289e-06,0.0,0.0,0.0,16,145502.92583373134,0.0,4.76292610168457,,0
ParticleBase,1000,64,0,0.36320775910280645,0.0010565340053290129,0.006907825008966029,1.2045202311128378e-06,0.0,0.0,0.0,16,144763.36599465788,0.0,4.763190269470215,,0
ParticleBase,1000,64,0,0.3958413429791108,0.0011189170181751251,0.0068728040205314755,1.2363161658868194e-06,0.0,0.0,0.0,16,145501.02069150368,0.0,4.762439727783203,,0
ParticleBase,1000,128,0,0.34906114800833166,0.0014910880709066987,0.00630048499442637,1.4751276466995478e-06,0.0,0.0,0.0,8,158717.94010852103,0.0,4.7627458572387695,,0
ParticleBase,1000,128,0,0.3530607789289206,0.0013479338958859444,0.006258664070628583,1.452484866604209e-06,0.0,0.0,0.0,8,159778.50683709342,0.0,4.763002395629883,,0
ParticleBase,1000,128,0,0.36299442197196186,0.001508848974481225,0.006335185957141221,1.46887032315135e-06,0.0,0.0,0.0,8,157848.56305169204,0.0,4.762606620788574,,0
ParticleBase,1000,128,0,0.37005715200211853,0.0013742749579250813,0.006254343083128333,1.3851240510120988e-06,0.0,0.0,0.0,8,159888.89427853617,0.0,4.762723922729492,,0
ParticleBase,1000,128,0,0.3691804939880967,0.0015062089078128338,0.006308246054686606,1.431384589523077e-06,0.0,0.0,0.0,8,158522.66879429453,0.0,4.763047218322754,,0
ParticleBase,10000,32,0,0.4260404360247776,0.0014521670527756214,0.07496021094266325,1.0070129901694413e-06,9.1796875,0.0,9.1796875,313,133404.10698215562,9.1796875,8.017213821411133,,0
ParticleBase,10000,32,0,0.38680752797517926,0.0012578109744936228,0.07488940900657326,1.0356452083958985e-06,0.0,0.0,0.0,313,133530.22987699465,0.0,8.017197608947754,,0
ParticleBase,10000,32,0,0.3916845479980111,0.001348664052784443,0.07476312597282231,9.605662522319788e-07,0.0,0.0,0.0,313,133755.776927187,0.0,8.018117904663086,,0
ParticleBase,10000,32,0,0.41336128301918507,0.0012832520296797156,0.07461174996569753,1.0169276330893795e-06,0.0,0.0,0.0,313,134027.14726028356,0.0,8.016057014465332,,0
ParticleBase,10000,32,0,0.46456873696297407,0.0013057419564574957,0.07446890405844897,1.024696217201198e-06,0.0,0.0,0.0,313,134284.23751410688,0.0,8.017938613891602,,0
ParticleBase,10000,64,0,0.40731197607237846,0.0014945679577067494,0.06199588894378394,1.0381369691365843e-06,0.0,0.0,0.0,157,161301.0180250453,0.0,8.018061637878418,,0
ParticleBase,10000,64,0,0.38555931707378477,0.0013993249740451574,0.06189379596617073,9.736569693229001e-07,0.0,0.0,0.0,157,161567.08186820045,0.0,8.017182350158691,,0
ParticleBase,10000,64,0,0.39939013903494924,0.0014267360093072057,0.061860835063271224,9.8833197336288e-07,0.0,0.0,0.0,157,161653.16859644727,0.0,8.018571853637695,,0
ParticleBase,10000,64,0,0.3924824410350993,0.0013158220099285245,0.06190747406799346,1.0215822654734751e-06,0.0,0.0,0.0,157,161531.38454683067,0.0,8.01712703704834,,0
ParticleBase,10000,64,0,0.533002043957822,0.0014621670125052333,0.062080709962174296,1.0230244807661719e-06,0.0,0.0,0.0,157,161080.63206901128,0.0,8.019229888916016,,0
ParticleBase,10000,128,0,0.3894924659980461,0.0017804079689085484,0.05574223503936082,1.0514440297891822e-06,0.0,0.0,0.0,79,179397.1840730602,0.0,8.01837158203125,,0
ParticleBase,10000,128,0,0.40683709108270705,0.0017100049881264567,0.05584190902300179,1.0748420358647274e-06,0.0,0.0,0.0,79,179076.97238432357,0.0,8.017791748046875,,0
ParticleBase,10000,128,0,0.47630944300908595,0.001763917040079832,0.05705040798056871,1.2304141669522358e-06,0.0,0.0,0.0,79,175283.58435939645,0.0,8.017862319946289,,0
ParticleBase,10000,128,0,0.7321634240215644,0.0017942979466170073,0.05574482399970293,1.1712589737357972e-06,0.0,0.0,0.0,79,179388.8523184375,0.0,8.017273902893066,,0
ParticleBase,10000,128,0,0.4046557479305193,0.0017994280206039548,0.05645604699384421,1.1236141612635384e-06,0.0,0.0,0.0,79,177128.94424029315,0.0,8.017075538635254,,0
ParticleBase,100000,32,0,0.6060161900240928,0.009790158015675843,0.7477373509900644,1.0376659408211709e-06,14.55859375,1.0,14.55859375,3125,133736.7992485489,14.55859375,101.45086765289307,,0
ParticleBase,100000,32,0,0.5702964570373297,0.005719376029446721,0.7416968350298703,9.848317876458168e-07,62.51953125,0.0,62.51953125,3125,134825.97643277352,62.51953125,101.45004749298096,,0
ParticleBase,100000,32,0,0.573790090973489,0.005421356996521354,0.7401697050081566,9.842492640018463e-07,63.47265625,0.0,63.47265625,3125,135104.15155251187,63.47265625,101.45127868652344,,0
ParticleBase,100000,32,0,0.5971042700111866,0.007276545977219939,0.7497206559637561,1.0136163234710693e-06,63.47265625,0.0,63.47265625,3125,133383.01299895666,63.47265625,101.44973564147949,,0
ParticleBase,100000,32,0,0.5845551119418815,0.005770387942902744,0.7499805439729244,9.612074494361877e-07,63.16796875,0.0,63.16796875,3125,133336.79227232083,63.16796875,101.43438339233398,,0
ParticleBase,100000,64,0,0.5649397929664701,0.006732809008099139,0.6193302519386634,1.0279147431101847e-06,62.45703125,1.0,62.45703125,1563,161464.7430623229,62.45703125,101.44969463348389,,0
ParticleBase,100000,64,0,0.5719522420549765,0.007695080013945699,0.6206960470881313,1.0365844446205207e-06,60.9921875,0.0,60.9921875,1563,161109.4519920492,60.9921875,101.44925498962402,,0
ParticleBase,100000,64,0,0.5791893859859556,0.006686097010970116,0.6202897350303829,9.79117357952047e-07,60.9921875,0.0,60.9921875,1563,161214.9844702844,60.9921875,101.44900035858154,,0
ParticleBase,100000,64,0,0.5974060400621966,0.0049533810233697295,0.6276023030513898,1.0792804156178019e-06,60.9921875,0.0,60.9921875,1563,159336.57272097634,60.9921875,101.4346809387207,,0
ParticleBase,100000,64,0,0.5871596860233694,0.006300005014054477,0.6185226759407669,1.025335134501001e-06,60.9921875,0.0,60.9921875,1563,161675.55999123392,60.9921875,101.43396377563477,,0
ParticleBase,100000,128,0,0.5656600260408595,0.006606364971958101,0.5599223600002006,1.0480241709486451e-06,62.95703125,0.0,62.95703125,782,178596.18965737353,62.95703125,101.45041751861572,,0
ParticleBase,100000,128,0,0.6233921039383858,0.011998731060884893,0.5557873549405485,1.0512388416130068e-06,63.265625,1.0,63.265625,782,179924.92832208605,63.265625,101.44897365570068,,0
ParticleBase,100000,128,0,0.5871151150204241,0.006253094063140452,0.5666343279881403,1.066607748255934e-06,63.47265625,0.0,63.47265625,782,176480.65967879907,63.47265625,101.45141220092773,,0
ParticleBase,100000,128,0,0.5842426510062069,0.010097348014824092,0.5527547269593924,1.1035459428130056e-06,62.51953125,0.0,62.51953125,782,180912.0666413521,62.51953125,101.48279571533203,,0
ParticleBase,100000,128,0,0.5878215519478545,0.006993016926571727,0.5634722170652822,1.0431327921388399e-06,62.51953125,0.0,62.51953125,782,177471.03933682377,62.51953125,101.43336582183838,,0
ParticleBase,1000000,32,0,2.5170106450095773,0.0562305529601872,7.600893881986849,9.861152693629265e-07,255.52734375,26.0,255.52734375,31250,131563.47339223782,255.52734375,1275.2762098312378,,0
ParticleBase,1000000,32,0,2.4729076270014048,0.058569828979671,7.561811496969312,9.730724319815635e-07,151.25390625,22.0,151.25390625,31250,132243.444629741,151.25390625,1275.2752981185913,,0
ParticleBase,1000000,32,0,2.458540741004981,0.05103495204821229,7.46830016898457,9.769785888493061e-07,152.046875,19.0,152.046875,31250,133899.277931134,152.046875,1275.2756156921387,,0
ParticleBase,1000000,32,0,2.477143377996981,0.05237836891319603,7.610041577951051,9.858243316411972e-07,151.2734375,15.0,151.2734375,31250,131405.3267326882,151.2734375,1275.2780723571777,,0
ParticleBase,1000000,32,0,2.456262698979117,0.04616897401865572,7.4692749379901215,9.510699622333049e-07,153.7421875,12.0,153.7421875,31250,133881.80356219236,153.7421875,1275.2803373336792,,0
ParticleBase,1000000,64,0,2.473445345996879,0.056890544947236776,6.274715901934542,9.91210050880909e-07,152.859375,24.0,152.859375,15625,159369.7652019102,152.859375,1275.2770252227783,,0
ParticleBase,1000000,64,0,2.468054650002159,0.052961644949391484,6.304897389025427,9.848615229129792e-07,154.96875,21.0,154.96875,15625,158606.86356936474,154.96875,1275.2758121490479,,0
ParticleBase,1000000,64,0,2.4811813479755074,0.0498563579749316,6.2701951989438385,9.77851040661335e-07,151.74609375,17.0,151.74609375,15625,159484.6680639929,151.74609375,1275.2757234573364,,0
ParticleBase,1000000,64,0,2.5247541699791327,0.05164352909196168,6.282185281044804,9.717770218849181e-07,152.0,14.0,152.0,15625,159180.278082102,152.0,1275.2764616012573,,0
ParticleBase,1000000,64,0,2.516120687010698,0.04858989198692143,6.274275401956402,1.0284555330872536e-06,153.55859375,11.0,153.55859375,15625,159380.95412391156,153.55859375,1275.279483795166,,0
ParticleBase,1000000,128,0,2.484208845999092,0.05873229494318366,5.693175105960108,1.037851966317692e-06,152.22265625,22.0,152.22265625,7813,175648.90968365147,152.22265625,1275.275951385498,,0
ParticleBase,1000000,128,0,2.475315685966052,0.05228878301568329,5.6469874730100855,1.0544647739571492e-06,151.6953125,19.0,151.6953125,7813,177085.57080735956,151.6953125,1275.275752067566,,0
ParticleBase,1000000,128,0,2.4524211450479925,0.04968767205718905,5.629247564007528,1.026585695862915e-06,152.1171875,16.0,152.1171875,7813,177643.6350736879,152.1171875,1275.2753248214722,,0
ParticleBase,1000000,128,0,2.473626247025095,0.05169508105609566,5.630171188968234,1.021395998263228e-06,152.51953125,12.0,152.51953125,7813,177614.49278121447,152.51953125,1275.2697401046753,,0
ParticleBase,1000000,128,0,2.491324349073693,0.0458486950956285,5.737085234024562,1.048752406875951e-06,151.65234375,10.0,151.65234375,7813,174304.53953679552,151.65234375,1275.2800064086914,,0
ParticleBase,10000000,32,0,22.816125328070484,0.9270851300098002,76.32041233102791,9.839864164590835e-07,1649.140625,370.984375,1649.140625,312500,131026.54577685661,1649.140625,14998.550945281982,,0
ParticleBase,10000000,32,0,22.78449535393156,0.8943805169546977,76.03182380192447,1.0330830316990614e-06,1392.390625,360.76953125,1392.390625,312500,131523.87381962137,1392.390625,14998.596067428589,,0
ParticleBase,10000000,32,0,23.096570304012857,0.8843092969618738,75.93017970502842,9.891754921525716e-07,1392.4140625,355.78125,1392.4140625,312500,131699.93853363366,1392.4140625,14998.595558166504,,0
ParticleBase,10000000,32,0,22.853283743024804,0.8965548060368747,76.25429406599142,1.04376150816679e-06,1454.046875,351.796875,1454.046875,312500,131140.15574448666,1454.046875,14998.591303825378,,0
ParticleBase,10000000,32,0,22.761823423905298,0.8696646919706836,75.73906165198423,9.709696501493454e-07,1397.84375,348.953125,1397.84375,312500,132032.26686315855,1397.84375,14998.596633911133,,0
ParticleBase,10000000,64,0,22.888170774909668,0.9310592209221795,63.59152311901562,1.0226781591773033e-06,1353.16015625,362.703125,1353.16015625,156250,157253.6638457984,1353.16015625,14998.595993041992,,0
ParticleBase,10000000,64,0,23.09619376109913,0.9405862770508975,63.83963721897453,1.0727024234831333e-06,1392.75,354.765625,1392.75,156250,156642.49415608807,1392.75,14998.59711933136,,0
ParticleBase,10000000,64,0,22.773492243955843,0.8977388590574265,63.85498603701126,1.0206119231879712e-06,1360.15234375,348.796875,1360.15234375,156250,156604.84201192774,1360.15234375,14998.59634399414,,0
ParticleBase,10000000,64,0,23.15562350198161,0.9298859069822356,63.74759556807112,1.0400735951960088e-06,1393.140625,345.9375,1393.140625,156250,156868.66164735224,1393.140625,14998.595370292664,,0
ParticleBase,10000000,64,0,22.86746104597114,0.894816461019218,63.279858601046726,9.938926413655282e-07,1391.44140625,342.859375,1391.44140625,156250,158028.16600849023,1391.44140625,14998.596482276917,,0
ParticleBase,10000000,128,0,22.728113612974994,0.9187299299519509,57.290870384080335,1.0144319266080855e-06,1392.796875,356.734375,1392.796875,78125,174547.88054291357,1392.796875,14998.589653015137,,0
ParticleBase,10000000,128,0,22.875567846000195,0.9190047800075263,57.37225015007425,1.1239843428134918e-06,1391.84375,350.78125,1391.84375,78125,174300.29280430896,1391.84375,14998.596872329712,,0
ParticleBase,10000000,128,0,22.84445011499338,0.9050233489833772,57.09464769996703,1.030429284274578e-06,1544.59375,345.796875,1544.59375,78125,175147.76608396124,1544.59375,14998.595635414124,,0
ParticleBase,10000000,128,0,22.90569335699547,0.8880806720117107,57.16996285505593,1.0727326765656472e-06,1390.80078125,341.828125,1390.80078125,78125,174917.02811410226,1390.80078125,14998.5509557724,,0
ParticleBase,10000000,128,0,22.742597096948884,0.8622191699687392,57.140335874049924,1.0563805043697358e-06,1394.14453125,339.125,1394.14453125,78125,175007.7217264217,1394.14453125,14998.59524345398,,0
ParticleBase,43546000,32,0,93.9045668579638,3.994017260032706,331.2209252259927,9.736836411571684e-07,7288.515625,1657.74609375,7288.515625,1360813,131471.1622470364,7288.515625,64965.66067790985,,0
ParticleBase,43546000,32,0,94.359373254003,4.120133529999293,331.671278681024,9.739864850072361e-07,6357.6484375,1656.79296875,6357.6484375,1360813,131292.64666259874,6357.6484375,64965.63898277283,,0
ParticleBase,43546000,32,0,93.6959473239258,3.4204286029562354,336.26761624007486,1.0027097177351364e-06,6009.83203125,1653.96484375,6009.83203125,1360813,129498.04827150163,6009.83203125,64965.639528274536,,0
ParticleBase,43546000,32,0,93.97845930804033,3.957528903032653,335.32463894598186,1.0576548824841296e-06,5997.6796875,1650.85546875,5997.6796875,1360813,129862.21393356936,5997.6796875,64965.63787460327,,0
ParticleBase,43546000,32,0,93.25174616498407,4.216605809982866,333.1288641060237,1.0186073358014354e-06,6040.41015625,1644.15234375,6040.41015625,1360813,130718.18353794998,6040.41015625,64965.66044712067,,0
ParticleBase,43546000,64,0,92.90481126005761,4.063658896018751,275.56728049495723,9.942585924557047e-07,6049.10546875,1636.77734375,6049.10546875,680407,158023.1147971752,6049.10546875,64965.636739730835,,0
ParticleBase,43546000,64,0,93.37502839893568,4.091640642960556,279.00521106796805,1.048155775069971e-06,6197.9453125,1634.80859375,6197.9453125,680407,156075.93791282925,6197.9453125,64965.63968086243,,0
ParticleBase,43546000,64,0,93.14921074092854,4.030662304023281,278.24756532208994,9.918120531381961e-07,5992.73046875,1631.34765625,5992.73046875,680407,156500.92014135912,5992.73046875,64965.639459609985,,0
ParticleBase,43546000,64,0,93.46423888509162,4.177380312932655,277.4594853759045,9.635768787323154e-07,6302.21875,1626.12109375,6302.21875,680407,156945.4363436287,6302.21875,64965.63922786713,,0
ParticleBase,43546000,64,0,92.9110872260062,4.218927587964572,278.1642737579532,1.058841794699065e-06,6312.5078125,1624.01171875,6312.5078125,680407,156547.78168202826,6312.5078125,64965.63785839081,,0
ParticleBase,43546000,128,0,92.9989307570504,4.060848091961816,250.8501306840917,1.0560517573351355e-06,6784.99609375,1625.79296875,6784.99609375,340204,173593.6907078581,6784.99609375,64965.63585281372,,0
ParticleBase,43546000,128,0,94.48155812406912,3.511827162001282,254.5033652629936,1.0727313281569322e-06,6061.50390625,1624.28515625,6061.50390625,340204,171101.86325041833,6061.50390625,64965.63944721222,,0
ParticleBase,43546000,128,0,93.46972588298377,4.010362931992859,250.27643108798657,1.040839556674004e-06,5999.3671875,1618.87109375,5999.3671875,340204,173991.6132362103,5999.3671875,64965.63944244385,,0
ParticleBase,43546000,128,0,94.01817189797293,4.221277007018216,250.71328501193784,1.1029642760912014e-06,6141.7578125,1613.16796875,6141.7578125,340204,173688.44254873265,6141.7578125,64965.6618680954,,0
ParticleBase,43546000,128,0,95.43437976902351,4.168068282073364,252.24299477704335,1.0583211638549494e-06,6012.109375,1610.37109375,6012.109375,340204,172635.121298374,6012.109375,64965.63915157318,,0
ParticleChunked,1000,32,0,0.3539685979485512,0.16416818695142865,0.03530630003660917,1.0134717740584165e-06,0.0,0.0,0.0,32,28323.556956211723,0.0,4.568216323852539,,0
ParticleChunked,1000,32,2,0.34548888204153627,0.1050501709105447,0.13342544599436224,2.452248736517504e-06,0.0,0.0,0.0,32,7494.822239846619,0.0,4.174633026123047,,0
ParticleChunked,1000,32,4,0.43569507997017354,0.14168702496681362,0.1551796740386635,2.1723462850786746e-06,0.0,0.0,0.0,32,6444.142934279182,0.0,4.174144744873047,,0
ParticleChunked,1000,32,6,0.3683635669294745,0.13784629898145795,0.16897881403565407,2.3847533157095313e-06,0.0,0.0,0.0,32,5917.901635816918,0.0,4.174098968505859,,0
ParticleChunked,1000,32,8,0.35922693996690214,0.15337218495551497,0.18123430293053389,2.2531494323629886e-06,0.0,0.0,0.0,32,5517.71923874309,0.0,4.173417091369629,,0
ParticleChunked,1000,64,0,0.37138241599313915,0.062043290003202856,0.036576912039890885,1.141735992860049e-06,0.0,0.0,0.0,16,27339.650731297304,0.0,4.175010681152344,,0
ParticleChunked,1000,64,2,0.3942771110450849,0.10498372907750309,0.12261600408237427,2.3394604795612395e-06,0.0,0.0,0.0,16,8155.54223515711,0.0,4.17413330078125,,0
ParticleChunked,1000,64,4,0.38645964697934687,0.14756800595205277,0.1419460930628702,2.329441485926509e-06,0.0,0.0,0.0,16,7044.927961187942,0.0,4.173529624938965,,0
ParticleChunked,1000,64,6,0.40263458399567753,0.14622874301858246,0.15857933391816914,2.2175590856932104e-06,0.0,0.0,0.0,16,6305.991930297959,0.0,4.17371940612793,,0
ParticleChunked,1000,64,8,0.4010458409320563,0.1585080629447475,0.17027641495224088,2.732624125201255e-06,0.0,0.0,0.0,16,5872.803936355366,0.0,4.174034118652344,,0
ParticleChunked,1000,128,0,0.36670949403196573,0.05382153298705816,0.03299113397952169,1.154985511675477e-06,0.0,0.0,0.0,8,30311.173923900937,0.0,4.174648284912109,,0
ParticleChunked,1000,128,2,0.35620181099511683,0.1066111430991441,0.11485049093607813,2.2650056052953005e-06,0.0,0.0,0.0,8,8706.97192366871,0.0,4.173862457275391,,0
ParticleChunked,1000,128,4,0.4075970249250531,0.12521009799093008,0.1363364999415353,2.5250337785109878e-06,0.0,0.0,0.0,8,7334.792960277156,0.0,4.173772811889648,,0
ParticleChunked,1000,128,6,0.37037094309926033,0.15164821001235396,0.14935903495643288,2.505010343156755e-06,0.0,0.0,0.0,8,6695.276253570424,0.0,4.17363166809082,,0
ParticleChunked,1000,128,8,0.37217228196095675,0.1634837449528277,0.16273003991227597,2.2662279661744833e-06,0.0,1.9921875,1.9921875,8,6145.146898133111,0.0,4.173669815063477,,0
ParticleChunked,10000,32,0,0.37853833904955536,0.07503128296229988,0.1133784829871729,1.0270405167969651e-06,0.0,0.0,0.0,313,88200.15700096598,0.0,4.173803329467773,,0
ParticleChunked,10000,32,2,0.3895237159449607,0.13131299696397036,0.42528535204473883,2.3093534270509744e-06,0.0,0.0,0.0,313,23513.624327573896,0.0,4.173357963562012,,0
ParticleChunked,10000,32,4,0.3826960240257904,0.1428255420178175,0.42721650504972786,2.532019116246281e-06,0.0,0.0,0.0,313,23407.335348235207,0.0,4.174059867858887,,0
ParticleChunked,10000,32,6,0.39267058891709894,0.16370758204720914,0.44861585600301623,2.1597032045451597e-06,0.0,0.0,0.0,313,22290.78590555383,0.0,4.174003601074219,,0
ParticleChunked,10000,32,8,0.4408552349777892,0.21280712401494384,0.5068168720463291,2.7103008131106822e-06,0.0,0.0,0.0,313,19730.992694903576,0.0,4.174160003662109,,0
ParticleChunked,10000,64,0,0.3863816650118679,0.07479333598166704,0.1005724259885028,1.053866384562793e-06,0.0,0.0,0.0,157,99430.83207660892,0.0,4.173792839050293,,0
ParticleChunked,10000,64,2,0.37368959095329046,0.12483110604807734,0.2969153110170737,2.3175480295043843e-06,0.0,0.0,0.0,157,33679.637354319406,0.0,4.173345565795898,,0
ParticleChunked,10000,64,4,0.38317051995545626,0.14432743098586798,0.30749852501321584,2.2120609179518786e-06,0.0,0.0,0.0,157,32520.481194406428,0.0,4.173447608947754,,0
ParticleChunked,10000,64,6,0.42458450596313924,0.1941611779620871,0.3491061000386253,2.5476818417857407e-06,0.0,0.0,0.0,157,28644.5868430646,0.0,4.173274040222168,,0
ParticleChunked,10000,64,8,0.4910032369662076,0.1931024839868769,0.3483600349863991,2.332867396058171e-06,0.0,0.0,0.0,157,28705.933504658267,0.0,4.173760414123535,,0
ParticleChunked,10000,128,0,0.37456639006268233,0.07334806898143142,0.09473622601944953,1.0918371992397912e-06,0.0,0.0,0.0,79,105556.24200131194,0.0,4.173935890197754,,0
ParticleChunked,10000,128,2,0.39061541308183223,0.12464492896106094,0.23387196694966406,2.2928321828381924e-06,0.0,0.0,0.0,79,42758.438005322314,0.0,4.173184394836426,,0
ParticleChunked,10000,128,4,0.38927438808605075,0.14605428697541356,0.25401667307596654,2.2294005685592e-06,0.0,0.0,0.0,79,39367.49457784367,0.0,4.173581123352051,,0
ParticleChunked,10000,128,6,0.7459474329371005,0.17151245195418596,0.2794507429935038,2.4032675885135612e-06,0.0,0.0,0.0,79,35784.48170464325,0.0,4.1734466552734375,,0
ParticleChunked,10000,128,8,0.3993215140653774,0.18999255204107612,0.2930722860619426,2.2980222431353374e-06,0.0,0.0,0.0,79,34121.27476934629,0.0,4.173563003540039,,0
ParticleChunked,100000,32,0,0.40714744897559285,0.24297758599277586,0.9379174700006843,9.851885959506034e-07,0.0,61.44140625,61.44140625,3125,106619.18899956842,0.0,4.174125671386719,,0
ParticleChunked,100000,32,2,0.40507492108736187,0.2835852779680863,3.256529686972499,2.0179013535380365e-06,0.0,0.0,0.0,3125,30707.535202286792,0.0,4.173811912536621,,0
ParticleChunked,100000,32,4,0.4048796450952068,0.30838670500088483,3.2588739920174703,2.1206020191311837e-06,0.0,0.0,0.0,3125,30685.445416100003,0.0,4.173840522766113,,0
ParticleChunked,100000,32,6,0.4110117639647797,0.33018903399351984,3.333345386083238,2.2185632586479185e-06,0.0,0.0,0.0,3125,29999.891525643085,0.0,4.173254013061523,,0
ParticleChunked,100000,32,8,0.41957088303752244,0.35512529499828815,3.2742403129814193,2.3499678075313566e-06,0.0,0.0,0.0,3125,30541.43570449879,0.0,4.165762901306152,,0
ParticleChunked,100000,64,0,0.39749461505562067,0.2327998650725931,0.8095428029773757,1.0129648707068203e-06,0.0,61.44140625,61.44140625,1563,123526.51352370148,0.0,4.1732072830200195,,0
ParticleChunked,100000,64,2,0.4050104790367186,0.28644789091777056,1.9210294999647886,2.1849121804267493e-06,0.0,0.0,0.0,1563,52055.42132582188,0.0,4.173483848571777,,0
ParticleChunked,100000,64,4,0.4072118200128898,0.3111106229480356,1.9551572600612417,1.8867268837792937e-06,0.0,0.0,0.0,1563,51146.78089723979,0.0,4.173140525817871,,0
ParticleChunked,100000,64,6,0.4217450140276924,0.3348487359471619,2.0054239759920165,2.2550251141848356e-06,0.0,0.0,0.0,1563,49864.76734952434,0.0,4.16550350189209,,0
ParticleChunked,100000,64,8,0.41730068204924464,0.35749582399148494,2.0560187390074134,2.365372240810309e-06,0.0,0.0,0.0,1563,48637.68899707457,0.0,4.1665449142456055,,0
ParticleChunked,100000,128,0,0.39791394805070013,0.2322953089606017,0.7490859549725428,1.0998620380125844e-06,0.0,61.44140625,61.44140625,782,133496.02850805744,0.0,4.173388481140137,,0
ParticleChunked,100000,128,2,0.4091695040697232,0.2901335209608078,1.384558223071508,2.1080142589729e-06,0.0,0.0,0.0,782,72225.20391967316,0.0,4.173656463623047,,0
ParticleChunked,100000,128,4,0.42297754308674484,0.3134016579715535,1.385938638006337,1.970609641679184e-06,0.0,0.0,0.0,782,72153.26657163502,0.0,4.174029350280762,,0
ParticleChunked,100000,128,6,0.4208576140226796,0.3414995319908485,1.4254880249500275,1.9625853211202127e-06,0.0,0.0,0.0,782,70151.41358588799,0.0,4.172610282897949,,0
ParticleChunked,100000,128,8,0.41676559508778155,0.35804391105193645,1.4515060830162838,2.1341490521169533e-06,0.0,0.0,0.0,782,68893.95860621973,0.0,4.166083335876465,,0
ParticleChunked,1000000,32,0,0.44251135492231697,0.38345073896925896,9.369765919982456,1.0272091329097748e-06,0.0,187.99609375,187.99609375,31250,106726.2521326544,0.0,14.963570594787598,,0
ParticleChunked,1000000,32,2,0.4508216049289331,2.0433749170042574,29.606915269047022,2.0286526307463644e-06,0.0,0.0,0.0,31250,33775.892926118664,0.0,14.961698532104492,,0
ParticleChunked,1000000,32,4,0.4524672459810972,2.090761382947676,28.631840549991466,2.2005254700779916e-06,0.0,0.0,0.0,31250,34926.15147300749,0.0,14.962011337280273,,0
ParticleChunked,1000000,32,6,0.4461155440658331,2.087735303910449,30.948622306925245,2.177525658160448e-06,0.0,0.0,0.0,31250,32311.61600935736,0.0,14.964193344116211,,0
ParticleChunked,1000000,32,8,0.44855262408964336,2.1290560150519013,31.440021741902456,2.1381784230470657e-06,0.0,2.01171875,2.01171875,31250,31806.593780666048,0.0,14.961784362792969,,0
ParticleChunked,1000000,64,0,0.4425591949839145,0.3857727450085804,8.10466475202702,1.061400033533573e-06,0.0,151.640625,151.640625,15625,123385.73285833873,0.0,14.961369514465332,,0
ParticleChunked,1000000,64,2,0.44644730002619326,2.0177580460440367,17.055662723025307,1.996508814394474e-06,0.0,0.0,0.0,15625,58631.55341656648,0.0,14.961922645568848,,0
ParticleChunked,1000000,64,4,0.4470874760299921,2.070939878001809,17.278908660984598,2.1466499119997024e-06,0.0,0.0,0.0,15625,57874.025473494075,0.0,14.961315155029297,,0
ParticleChunked,1000000,64,6,0.4488225430250168,2.0974741500103846,19.251203207997605,2.0617965906858443e-06,0.0,0.0,0.0,15625,51944.80517376524,0.0,14.96141529083252,,0
ParticleChunked,1000000,64,8,0.45234373898711056,2.142541922046803,18.665458424948156,2.146794930100441e-06,0.0,0.0,0.0,15625,53574.89632632891,0.0,14.962753295898438,,0
ParticleChunked,1000000,128,0,0.44846572901587933,0.3837568290764466,7.499373541912064,1.0314908441984361e-06,0.0,214.0625,214.0625,7813,133344.47129633668,0.0,14.963597297668457,,0
ParticleChunked,1000000,128,2,0.4501537811011076,2.057782368035987,12.160816566902213,2.219480431141468e-06,0.0,0.0,0.0,7813,82231.32011724236,0.0,14.961868286132812,,0
ParticleChunked,1000000,128,4,0.45083224691916257,2.043689573998563,11.538457460002974,1.9181027980329408e-06,0.0,0.0,0.0,7813,86666.69730043293,0.0,14.961953163146973,,0
ParticleChunked,1000000,128,6,0.44650771806482226,2.1060088250087574,13.069473754032515,1.965107171669074e-06,0.0,0.0,0.0,7813,76514.17484896479,0.0,14.963235855102539,,0
ParticleChunked,1000000,128,8,0.44895657000597566,2.1270407830597833,13.370230151922442,2.457865738079503e-06,0.0,2.01171875,2.01171875,7813,74793.02814067226,0.0,14.961885452270508,,0
ParticleChunked,10000000,32,0,0.5992286460241303,0.7552317449590191,94.87272172304802,1.0040820732712745e-06,0.0,270.1953125,270.1953125,312500,105404.37565596517,0.0,24.617131233215332,,0
ParticleChunked,10000000,32,2,0.6069170100381598,3.4832306649768725,245.82178058603313,2.209241837172628e-06,21.0,0.0,21.0,312501,40679.87782107934,21.0,24.615406036376953,,0
ParticleChunked,10000000,32,4,0.6225622709607705,4.017641882994212,254.4900630719494,1.9296259496055237e-06,21.0,0.0,21.0,312503,39294.26508559904,21.0,24.613459587097168,,0
ParticleChunked,10000000,32,6,0.6125925349770114,4.012218344956636,267.27226595405955,2.099746959888156e-06,0.0,0.0,0.0,312502,37415.03056556891,0.0,24.619023323059082,,0
ParticleChunked,10000000,32,8,0.622018133988604,5.137872511986643,312.510139364982,2.128911131388652e-06,21.0,0.0,21.0,312503,31998.961762712453,21.0,24.615159034729004,,0
ParticleChunked,10000000,64,0,0.6060850269859657,0.7301755219232291,82.14838422299363,1.024855002015829e-06,21.0,308.47265625,308.47265625,156250,121730.9396232892,21.0,24.615432739257812,,0
ParticleChunked,10000000,64,2,0.6770554939284921,3.417944486020133,137.26854648103472,1.930763614823547e-06,21.0,0.0,21.0,156251,72849.90084295545,21.0,24.614734649658203,,0
ParticleChunked,10000000,64,4,0.6141344590578228,4.216531513957307,142.89360817801207,1.946117676759434e-06,21.0,0.0,21.0,156252,69982.13655254849,21.0,24.612160682678223,,0
ParticleChunked,10000000,64,6,0.6204137000022456,3.9881643949775025,148.178543406073,1.9711626712417242e-06,21.0,0.0,21.0,156253,67486.15400136371,21.0,24.615893363952637,,0
ParticleChunked,10000000,64,8,0.6231311120791361,4.71034209895879,181.8438020600006,1.970463537083046e-06,21.0,0.0,21.0,156253,54992.25096877611,21.0,24.61567497253418,,0
ParticleChunked,10000000,128,0,0.6088021929608658,0.7307120501063764,75.97755435004365,1.0726294487714768e-06,21.0,286.0390625,286.0390625,78125,131617.81904597796,21.0,24.616551399230957,,0
ParticleChunked,10000000,128,2,0.6151712900027633,3.4095745070371777,99.38555456104223,2.090501504732385e-06,20.46875,0.0,20.46875,78126,100618.24421232201,20.46875,24.613917350769043,,0
ParticleChunked,10000000,128,4,0.6158894950058311,4.030683330958709,90.52698377601337,2.008456119875012e-06,21.0,0.0,21.0,78127,110464.30117170949,21.0,24.6141300201416,,0
ParticleChunked,10000000,128,6,0.6241224040277302,4.096137247048318,92.68443824199494,2.0414324770653905e-06,21.0,0.0,21.0,78128,107892.9773937934,21.0,24.61426544189453,,0
ParticleChunked,10000000,128,8,0.6184396519092843,4.874743922962807,122.63273245794699,1.901837185579367e-06,21.0,2.00390625,21.0,78129,81544.29734678857,21.0,24.613425254821777,,0
ParticleChunked,43546000,32,0,0.7294921970460564,1.6236272919923067,410.03410326107405,1.0109144926829567e-06,0.0,303.6484375,303.6484375,1360813,106200.92244442823,0.0,4.410272598266602,,0
ParticleChunked,43546000,32,2,0.7677089739590883,4.170106019941159,1043.146947078989,1.878183492326314e-06,0.0,6.01953125,6.01953125,1360813,41744.837697063806,0.0,4.411533355712891,,0
ParticleChunked,43546000,32,4,0.7627022829838097,5.081727762939408,1083.3763797329739,2.108583338621172e-06,0.0,6.04296875,6.04296875,1360814,40194.71054993191,0.0,4.409738540649414,,0
ParticleChunked,43546000,32,6,0.7954500819323584,5.053972419002093,1151.4207865550416,2.320654991679464e-06,0.0,8.0234375,8.0234375,1360815,37819.36239859464,0.0,4.4114837646484375,,0
ParticleChunked,43546000,32,8,0.7560690229292959,6.004975010990165,1124.519085737993,2.052236044400058e-06,0.0,6.99609375,6.99609375,1360815,38724.10931240165,0.0,4.447857856750488,,0
ParticleChunked,43546000,64,0,0.7380027930485085,1.6278510970296338,355.3640582750086,1.0267540295074363e-06,0.0,287.2890625,287.2890625,680407,122539.12286847166,0.0,4.411604881286621,,0
ParticleChunked,43546000,64,2,0.7521600620821118,4.5414332000073045,594.8043820180465,1.8858611324382028e-06,0.0,2.01171875,2.01171875,680407,73210.62405804335,0.0,4.410694122314453,,0
ParticleChunked,43546000,64,4,0.759188857045956,4.925134991062805,626.8174840289867,1.9945505592163304e-06,0.0,2.03125,2.03125,680408,69471.57842518996,0.0,4.412409782409668,,0
ParticleChunked,43546000,64,6,0.7561848659534007,4.8957818389171734,617.3537141890265,2.2357014115179223e-06,0.0,2.01171875,2.01171875,680409,70536.54817190704,0.0,4.409992218017578,,0
ParticleChunked,43546000,64,8,0.7908989519346505,5.816412151092663,638.4669562329073,2.0781520440884e-06,0.0,4.02734375,4.02734375,680410,68203.99955689296,0.0,4.450834274291992,,0
ParticleChunked,43546000,128,0,0.745179338962771,1.5840211969334632,329.01019534806255,1.0688320458790497e-06,0.0,169.24609375,169.24609375,340204,132354.5610917386,0.0,4.409891128540039,,0
ParticleChunked,43546000,128,2,0.9889556319685653,4.515086023951881,390.53845989203546,1.9562948591856005e-06,0.0,0.0,0.0,340204,111502.4625539782,0.0,4.411513328552246,,0
ParticleChunked,43546000,128,4,0.7601880099391565,4.924325584084727,370.27960710192565,2.0010691711606037e-06,0.0,0.0,0.0,340205,117603.01989305405,0.0,4.410854339599609,,0
ParticleChunked,43546000,128,6,0.7599175410578027,5.185001934994943,381.1882476869505,2.3663233707431143e-06,0.0,2.0,2.0,340205,114237.51981924164,0.0,4.4113264083862305,,0
ParticleChunked,43546000,128,8,0.8060155169805512,6.126416746061295,392.6639868550701,2.0641626798252527e-06,0.0,0.0,0.0,340207,110898.8892736745,0.0,4.451503753662109,,0
ParticleDaskChunked,1000,32,0,0.27351547800935805,0.03988439904060215,0.034526384086348116,1.0271905921399593e-06,0.0,0.0,0.0,32,28963.357341419498,0.0,4.17153263092041,,0
ParticleDaskChunked,1000,32,0,0.2776281120022759,0.04479493899270892,0.03431096801068634,1.0622170520946383e-06,0.0,0.0,0.0,32,29145.199275303003,0.0,4.171050071716309,,0
ParticleDaskChunked,1000,32,0,0.29239640408195555,0.04739587404765189,0.034914877032861114,1.0459298209752887e-06,0.0,0.0,0.0,32,28641.086120934124,0.0,4.171609878540039,,0
ParticleDaskChunked,1000,32,0,0.2942427030066028,0.04519788303878158,0.03566853201482445,1.0522744560148567e-06,0.0,0.0,0.0,32,28035.916913664485,0.0,4.171414375305176,,0
ParticleDaskChunked,1000,32,0,0.32999973790720105,0.04671817203052342,0.03440032002981752,9.847462933976203e-07,0.0,0.0,0.0,32,29069.497002737757,0.0,4.171443939208984,,0
ParticleDaskChunked,1000,64,0,0.312046073959209,0.04416169901378453,0.03508518298622221,1.045067619998008e-06,0.0,0.0,0.0,16,28502.06026836729,0.0,4.171144485473633,,0
ParticleDaskChunked,1000,64,0,0.3175452620489523,0.04583945299964398,0.033138088998384774,1.1126394383609295e-06,0.0,0.0,0.0,16,30176.75521508625,0.0,4.1717023849487305,,0
ParticleDaskChunked,1000,64,0,0.30811956606339663,0.04584292299114168,0.033329594996757805,1.0919247870333493e-06,0.0,0.0,0.0,16,30003.364880289628,0.0,4.17094612121582,,0
ParticleDaskChunked,1000,64,0,0.30121189006604254,0.04603811900597066,0.040407766005955637,1.3787575880996883e-06,0.0,0.0,0.0,16,24747.718046392656,0.0,4.170797348022461,,0
ParticleDaskChunked,1000,64,0,0.3159178700298071,0.0458425929537043,0.033150140079669654,1.0807052603922784e-06,0.0,0.0,0.0,16,30165.785049375427,0.0,4.170921325683594,,0
ParticleDaskChunked,1000,128,0,0.27446688897907734,0.041009305976331234,0.032353113987483084,1.210122718475759e-06,0.0,0.0,0.0,8,30908.925811187277,0.0,4.171725273132324,,0
ParticleDaskChunked,1000,128,0,0.28644171997439116,0.046560126007534564,0.032684185076504946,1.316351699642837e-06,0.0,0.0,0.0,8,30595.837028191683,0.0,4.171036720275879,,0
ParticleDaskChunked,1000,128,0,0.29378351802006364,0.04584776295814663,0.03257614094763994,1.207503373734653e-06,0.0,0.0,0.0,8,30697.3131534307,0.0,4.1711626052856445,,0
ParticleDaskChunked,1000,128,0,0.3297627499559894,0.04735090199392289,0.032476686988957226,1.210006303153932e-06,0.0,0.0,0.0,8,30791.318102736943,0.0,4.171088218688965,,0
ParticleDaskChunked,1000,128,0,0.32967941695824265,0.0485355609562248,0.03379103005863726,1.1726515367627144e-06,0.0,0.0,0.0,8,29593.652465305415,0.0,4.171289443969727,,0
ParticleDaskChunked,10000,32,0,0.3178327119676396,0.055082084028981626,0.11293408903293312,9.70833860456753e-07,0.0,0.0,0.0,313,88547.22330193732,0.0,4.171242713928223,,0
ParticleDaskChunked,10000,32,0,0.33418112399522215,0.05907314398791641,0.11382890702225268,9.661698089049646e-07,0.0,0.0,0.0,313,87851.1466164309,0.0,4.171192169189453,,0
ParticleDaskChunked,10000,32,0,0.3170637959847227,0.057123331003822386,0.11315751599613577,1.0112095207642443e-06,0.0,0.0,0.0,313,88372.3888066038,0.0,4.171361923217773,,0
ParticleDaskChunked,10000,32,0,0.31422990502323955,0.05656891094986349,0.11927387199830264,9.435361411910469e-07,0.0,0.0,0.0,313,83840.65874999268,0.0,4.170354843139648,,0
ParticleDaskChunked,10000,32,0,0.48189136991277337,0.059266937896609306,0.1131570020224899,9.81467451674108e-07,0.0,0.0,0.0,313,88372.79020535118,0.0,4.171083450317383,,0
ParticleDaskChunked,10000,64,0,0.5816700150026008,0.06307119398843497,0.10115836397744715,9.80783514915758e-07,0.0,0.0,0.0,157,98854.90044332329,0.0,4.171169281005859,,0
ParticleDaskChunked,10000,64,0,0.3330714179901406,0.06324521999340504,0.1002452049870044,1.0177806007919038e-06,0.0,0.0,0.0,157,99755.39479715146,0.0,4.170916557312012,,0
ParticleDaskChunked,10000,64,0,0.30303568998351693,0.05749122297856957,0.10007724992465228,1.0064994370576683e-06,0.0,0.0,0.0,157,99922.80970479261,0.0,4.170896530151367,,0
ParticleDaskChunked,10000,64,0,0.6974758460419253,0.059105572989210486,0.10094649496022612,1.0165408146893901e-06,0.0,0.0,0.0,157,99062.37956989091,0.0,4.170949935913086,,0
ParticleDaskChunked,10000,64,0,0.3294415200361982,0.06029592198319733,0.10312853602226824,1.0726871087577692e-06,0.0,0.0,0.0,157,96966.37211877739,0.0,4.1711273193359375,,0
ParticleDaskChunked,10000,128,0,0.3138595420168713,0.056942815077491105,0.09538777696434408,1.0418331344859509e-06,0.0,0.0,0.0,79,104835.23485129542,0.0,4.170745849609375,,0
ParticleDaskChunked,10000,128,0,0.3009410419035703,0.05716647207736969,0.09735160099808127,1.0129061374294607e-06,0.0,0.0,0.0,79,102720.44730108848,0.0,4.171513557434082,,0
ParticleDaskChunked,10000,128,0,0.3643911180552095,0.059121465077623725,0.09474381501786411,1.0196199121920367e-06,0.0,0.0,0.0,79,105547.78692534687,0.0,4.171398162841797,,0
ParticleDaskChunked,10000,128,0,0.36562938801944256,0.06245697301346809,0.0933589490596205,1.0921761299235912e-06,0.0,0.0,0.0,79,107113.45940295281,0.0,4.236898422241211,,0
ParticleDaskChunked,10000,128,0,0.36199251003563404,0.05888351600151509,0.09500187204685062,1.006233623793608e-06,0.0,0.0,0.0,79,105261.0836454723,0.0,4.17128849029541,,0
ParticleDaskChunked,100000,32,0,0.31757931399624795,0.22417219495400786,0.9357425189809874,9.60521325469017e-07,0.0,63.3828125,63.3828125,3125,106867.00451412513,0.0,4.170931816101074,,0
ParticleDaskChunked,100000,32,0,0.3246035419870168,0.22329658595845103,0.9372006660560146,9.788326919078827e-07,0.0,61.44140625,61.44140625,3125,106700.7350953197,0.0,4.170693397521973,,0
ParticleDaskChunked,100000,32,0,0.3258875940227881,0.22955225000623614,0.9343653339892626,9.882007166743278e-07,0.0,61.44140625,61.44140625,3125,107024.51852858356,0.0,4.171225547790527,,0
ParticleDaskChunked,100000,32,0,0.3482451920863241,0.22655517200473696,0.9458756479434669,9.955886006355286e-07,0.0,61.44140625,61.44140625,3125,105722.14245860022,0.0,4.163290023803711,,0
ParticleDaskChunked,100000,32,0,0.34011104702949524,0.22576551605015993,0.9451689251000062,1.0169414803385735e-06,0.0,61.44140625,61.44140625,3125,105801.19314589107,0.0,4.169811248779297,,0
ParticleDaskChunked,100000,64,0,0.3191693159751594,0.2179095910396427,0.8074734449619427,9.768684492973815e-07,0.0,61.44140625,61.44140625,1563,123843.08192910682,0.0,4.170991897583008,,0
ParticleDaskChunked,100000,64,0,0.3282131509622559,0.22184934897813946,0.8091477489797398,9.986827291800896e-07,0.0,61.44140625,61.44140625,1563,123586.82345231845,0.0,4.170705795288086,,0
ParticleDaskChunked,100000,64,0,0.332848499994725,0.22512445505708456,0.8179788569686934,1.0698069046684663e-06,0.0,61.44140625,61.44140625,1563,122252.54864237561,0.0,4.170930862426758,,0
ParticleDaskChunked,100000,64,0,0.3418321739882231,0.2230802789563313,0.8084801570512354,9.635455610846679e-07,0.0,61.44140625,61.44140625,1563,123688.87365736887,0.0,4.169083595275879,,0
ParticleDaskChunked,100000,64,0,0.3352219871012494,0.2326774849789217,0.8151321699842811,1.02096415998954e-06,0.0,61.44140625,61.44140625,1563,122679.49135405659,0.0,4.1695051193237305,,0
ParticleDaskChunked,100000,128,0,0.323368052020669,0.2207871749997139,0.7507660089759156,1.017509809578471e-06,0.0,61.44140625,61.44140625,782,133197.2929040904,0.0,4.171108245849609,,0
ParticleDaskChunked,100000,128,0,0.33769506902899593,0.2227530280360952,0.747523623984307,1.0039445960803714e-06,0.0,61.44140625,61.44140625,782,133775.0363888156,0.0,4.171120643615723,,0
ParticleDaskChunked,100000,128,0,0.33099192997906357,0.23499717598315328,0.7433993100421503,9.909525270695272e-07,0.0,61.44140625,61.44140625,782,134517.2085165509,0.0,4.171822547912598,,0
ParticleDaskChunked,100000,128,0,0.34854321205057204,0.22557474998757243,0.7416373629821464,1.0302331705894464e-06,0.0,61.44140625,61.44140625,782,134836.78815465412,0.0,4.162039756774902,,0
ParticleDaskChunked,100000,128,0,0.3505611779401079,0.22566926607396454,0.7509754489874467,1.090507575637087e-06,0.0,61.44140625,61.44140625,782,133160.14542796538,0.0,4.1689558029174805,,0
ParticleDaskChunked,1000000,32,0,0.37474275496788323,0.33326814300380647,9.368335543083958,9.85114250332117e-07,0.0,221.24609375,221.24609375,31250,106742.54731815578,0.0,14.960474014282227,,0
ParticleDaskChunked,1000000,32,0,0.3530283380532637,0.334958189050667,9.39012522995472,1.0218160897493363e-06,0.0,172.19140625,172.19140625,31250,106494.85235936753,0.0,14.959298133850098,,0
ParticleDaskChunked,1000000,32,0,0.35399713506922126,0.33865046699065715,9.334360110922717,1.0042162574827671e-06,0.0,168.3125,168.3125,31250,107131.07145179,0.0,14.959393501281738,,0
ParticleDaskChunked,1000000,32,0,0.36180465610232204,0.3385397490346804,9.737454962916672,1.0547833144664764e-06,0.0,165.078125,165.078125,31250,102696.23878193206,0.0,14.959270477294922,,0
ParticleDaskChunked,1000000,32,0,0.35178384406026453,0.3425754690542817,9.362889881944284,1.0142476744949818e-06,0.0,164.75,164.75,31250,106804.63111377975,0.0,14.960453987121582,,0
ParticleDaskChunked,1000000,64,0,0.35771836002822965,0.3386767599731684,8.163056166027673,1.0401962846517564e-06,0.0,174.08203125,174.08203125,15625,122503.13848895427,0.0,14.95878791809082,,0
ParticleDaskChunked,1000000,64,0,0.3523860169807449,0.33572340407408774,8.098327908897772,1.0632859617471695e-06,0.0,171.19921875,171.19921875,15625,123482.28069417673,0.0,14.95943546295166,,0
ParticleDaskChunked,1000000,64,0,0.353776357951574,0.3345651749987155,8.076171861030161,9.906626418232917e-07,0.0,166.59375,166.59375,15625,123821.04011744549,0.0,14.95975399017334,,0
ParticleDaskChunked,1000000,64,0,0.35369019501376897,0.340763540007174,8.067595573025756,9.925990477204323e-07,0.0,163.921875,163.921875,15625,123952.66854272288,0.0,14.961127281188965,,0
ParticleDaskChunked,1000000,64,0,0.3567239240510389,0.33937980502378196,8.097774812020361,1.0141167268157006e-06,0.0,161.5,161.5,15625,123490.71482150837,0.0,14.960775375366211,,0
ParticleDaskChunked,1000000,128,0,0.3583319609751925,0.3401192659512162,7.51404233998619,1.0560829961012286e-06,0.0,236.61328125,236.61328125,7813,133084.1582670451,0.0,14.959160804748535,,0
ParticleDaskChunked,1000000,128,0,0.351673012948595,0.33950053597800434,7.453032172983512,1.034357629236729e-06,0.0,232.25,232.25,7813,134173.57885893728,0.0,14.959063529968262,,0
ParticleDaskChunked,1000000,128,0,0.35261082008946687,0.33538957103155553,7.421539571951143,1.0202719117031427e-06,0.0,229.421875,229.421875,7813,134742.9317468555,0.0,14.960007667541504,,0
ParticleDaskChunked,1000000,128,0,0.3543118559755385,0.33524939289782196,7.457200400065631,1.0245628883824006e-06,0.0,226.8203125,226.8203125,7813,134098.58208868827,0.0,14.95767593383789,,0
ParticleDaskChunked,1000000,128,0,0.3822078829398379,0.3353315549902618,7.406398405903019,1.0211596064699623e-06,0.0,223.51171875,223.51171875,7813,135018.39155762724,0.0,14.960246086120605,,0
ParticleDaskChunked,10000000,32,0,0.4978223550133407,0.6733715799637139,95.13021517999005,1.00919722430408e-06,0.0,357.48828125,357.48828125,312500,105119.07264247867,0.0,24.612276077270508,,0
ParticleDaskChunked,10000000,32,0,0.5233259389642626,0.6922266620676965,96.13593375799246,9.955667972564697e-07,21.0,324.734375,324.734375,312500,104019.37765719813,21.0,24.611562728881836,,0
ParticleDaskChunked,10000000,32,0,0.5104078530566767,0.6853094809921458,95.35646685597021,9.907598592340946e-07,21.0,320.40625,320.40625,312500,104869.65729450059,21.0,24.612882614135742,,0
ParticleDaskChunked,10000000,32,0,0.5047224690206349,0.692653113976121,95.68589270696975,1.0003824837505818e-06,20.46484375,318.66015625,318.66015625,312500,104508.61372662515,20.46484375,24.610512733459473,,0
ParticleDaskChunked,10000000,32,0,0.5163020530017093,0.6934642980340868,94.9268433690304,1.0081307899206877e-06,21.0,311.3359375,311.3359375,312500,105344.28034359848,21.0,24.612579345703125,,0
ParticleDaskChunked,10000000,64,0,0.49343696201685816,0.6850298310164362,82.25215832795948,1.022406191378832e-06,21.0,358.66015625,358.66015625,156250,121577.35679260298,21.0,24.612814903259277,,0
ParticleDaskChunked,10000000,64,0,0.5027980620507151,0.7016596029279754,82.57050937099848,1.0215026073157787e-06,21.0,355.1328125,355.1328125,156250,121108.61463950631,21.0,24.612204551696777,,0
ParticleDaskChunked,10000000,64,0,0.50423036608845,0.6866752009373158,82.76383409602568,1.0133941680192947e-06,21.0,352.4453125,352.4453125,156250,120825.72187747643,21.0,24.61149024963379,,0
ParticleDaskChunked,10000000,64,0,0.5069952530320734,0.6891303859883919,82.91826783795841,1.01492860019207e-06,21.0,347.84375,347.84375,156250,120600.68620273552,21.0,24.612311363220215,,0
ParticleDaskChunked,10000000,64,0,0.5205810690531507,0.6850038269767538,82.45553526107688,1.0222059726715089e-06,20.33984375,343.015625,343.015625,156250,121277.48571805705,20.33984375,24.613478660583496,,0
ParticleDaskChunked,10000000,128,0,0.4973352539818734,0.6810633060522377,75.92771315400023,1.0543298676609994e-06,21.0,366.96484375,366.96484375,78125,131704.21687424617,21.0,24.612675666809082,,0
ParticleDaskChunked,10000000,128,0,0.5463723180582747,0.7113231759285554,76.24018680490553,1.0666289180517196e-06,21.0,359.41796875,359.41796875,78125,131164.4215351866,21.0,24.612418174743652,,0
ParticleDaskChunked,10000000,128,0,0.5078236039262265,0.6882541530067101,76.31189029698726,1.0734067738056182e-06,21.0,309.6953125,309.6953125,78125,131041.17800099618,21.0,24.612060546875,,0
ParticleDaskChunked,10000000,128,0,0.5060336790047586,0.6838522210018709,75.99282824795227,1.0614240050315857e-06,21.0,350.53125,350.53125,78125,131591.3650084403,21.0,24.61302375793457,,0
ParticleDaskChunked,10000000,128,0,0.508959905942902,0.687243759050034,76.21188471000642,1.0507894292473794e-06,21.0,347.1484375,347.1484375,78125,131213.13083977604,21.0,24.61118793487549,,0
ParticleDaskChunked,43546000,32,0,0.635649872943759,1.5932526719989255,410.42931633698754,1.005165388058296e-06,0.0,459.27734375,459.27734375,1360813,106098.65881082938,0.0,4.4054365158081055,,0
ParticleDaskChunked,43546000,32,0,0.6320235050516203,1.5548711239825934,413.2602481220383,1.0053263671468056e-06,0.0,484.03515625,484.03515625,1360813,105371.85755921193,0.0,4.406703948974609,,0
ParticleDaskChunked,43546000,32,0,0.6308116840664297,1.5517730340361595,412.42949084495194,1.016285136405746e-06,0.0,421.58203125,421.58203125,1360813,105584.10823335282,0.0,4.405447006225586,,0
ParticleDaskChunked,43546000,32,0,0.6628012110013515,1.5923723860178143,413.29980726900976,1.0103881931774758e-06,0.0,434.63671875,434.63671875,1360813,105361.77185211377,0.0,4.443493843078613,,0
ParticleDaskChunked,43546000,32,0,0.6331945609999821,1.581604131963104,412.5907217869535,1.0111223432051878e-06,0.0,432.97265625,432.97265625,1360813,105542.84839804404,0.0,4.4491777420043945,,0
ParticleDaskChunked,43546000,64,0,0.6354307139990851,1.545620018034242,355.5650233060587,1.0268079204867725e-06,0.0,337.57421875,337.57421875,680407,122469.86386655088,0.0,4.444789886474609,,0
ParticleDaskChunked,43546000,64,0,0.6719624260440469,1.5661680100020021,358.60196719202213,1.0309049237869738e-06,0.0,349.82421875,349.82421875,680407,121432.6857740918,0.0,4.407501220703125,,0
ParticleDaskChunked,43546000,64,0,0.637200337019749,1.5460524619556963,357.5397442249814,1.0164555079098671e-06,0.0,429.49609375,429.49609375,680407,121793.45290519293,0.0,4.407303810119629,,0
ParticleDaskChunked,43546000,64,0,0.6279292510589585,1.6104822329944,357.59277895104606,1.0277425091243155e-06,0.0,312.8125,312.8125,680407,121775.38967016274,0.0,4.4049272537231445,,0
ParticleDaskChunked,43546000,64,0,0.6785161120351404,1.584623118978925,359.5960690790089,1.0283369238512054e-06,0.0,412.58203125,412.58203125,680407,121096.98560256581,0.0,4.450826644897461,,0
ParticleDaskChunked,43546000,128,0,0.635086040943861,1.549275283003226,329.89821248606313,1.06314101256463e-06,0.0,317.57421875,317.57421875,340204,131998.29023577884,0.0,4.405916213989258,,0
ParticleDaskChunked,43546000,128,0,0.6636223250534385,1.5705833280226216,332.6105137260165,1.0781105349608816e-06,0.0,337.34765625,337.34765625,340204,130921.89874632297,0.0,4.408443450927734,,0
ParticleDaskChunked,43546000,128,0,0.6364301970461383,1.5593035980127752,329.42923298093956,1.0660677904042625e-06,0.0,357.203125,357.203125,340204,132186.20462416438,0.0,4.4048614501953125,,0
ParticleDaskChunked,43546000,128,0,0.6375038890400901,1.6367082650540397,330.6144875769969,1.059736546391223e-06,0.0,330.03515625,330.03515625,340204,131712.31641764808,0.0,4.444276809692383,,0
ParticleDaskChunked,43546000,128,0,0.6424561300082132,1.7546594610903412,332.2825963549549,1.0565067651374328e-06,0.0,331.23046875,331.23046875,340204,131051.10071272819,0.0,4.450128555297852,,0
